question_id,answer
Q01,your plain-text answer here
Q02,your plain-text answer here
Q03,your plain-text answer here
Q04,your plain-text answer here
Q05,your plain-text answer here
Q06,your plain-text answer here
Q07,your plain-text answer here
Q08,your plain-text answer here
Q09,your plain-text answer here
Q10,your plain-text answer here
Q11,your plain-text answer here
Q12,your plain-text answer here
Q13,your plain-text answer here
Q14,your plain-text answer here
Q15,your plain-text answer here
Q16,your plain-text answer here
Q17,your plain-text answer here
Q18,your plain-text answer here
Q19,your plain-text answer here
Q20,your plain-text answer here